{
  "logdir": "/home/sivan/whole_body/RoboDuet/runs/go2piper_roboduet/2026-04-02/auto_train/002408.004267_seed44",
  "checkpoint": "12000",
  "seed": 0,
  "num_trials": 1,
  "dt": 0.019999999552965164,
  "settle_seconds": 4.0,
  "settle_steps": 200,
  "metric_seconds": 2.0,
  "metric_steps": 100,
  "scenarios": {
    "arm_only": {
      "scenario": "arm_only",
      "num_trials": 1,
      "settle_steps": 200,
      "metric_steps": 100,
      "trial_survival_rate": 1.0,
      "step_survival_rate": 1.0,
      "metric_coverage_rate": 1.0,
      "reset_count": 0,
      "arm_tracking": {
        "lpy_error": {
          "mean_abs": [
            0.002188032492995262,
            0.5991941690444946,
            0.08181028068065643
          ],
          "rmse": [
            0.0021880334243178368,
            0.5991942286491394,
            0.08181028813123703
          ],
          "p95_abs": [
            0.00219232146628201,
            0.5992016196250916,
            0.08184127509593964
          ],
          "max_abs": [
            0.002192676067352295,
            0.5992023348808289,
            0.08184351027011871
          ]
        },
        "rpy_error": {
          "mean_abs": [
            0.3883545696735382,
            0.8430359363555908,
            0.7079110741615295
          ],
          "rmse": [
            0.3883545696735382,
            0.8430359959602356,
            0.7079111337661743
          ],
          "p95_abs": [
            0.3883671760559082,
            0.8430428504943848,
            0.7079522013664246
          ],
          "max_abs": [
            0.3883681297302246,
            0.8430594801902771,
            0.7079620361328125
          ]
        },
        "lpy_norm_sum": {
          "mean": 0.24525606632232666,
          "mean_abs": 0.24525606632232666,
          "rmse": 0.24525606632232666,
          "p95_abs": 0.24527345597743988,
          "max_abs": 0.24527451395988464
        },
        "rpy_norm_sum": {
          "mean": 0.8102744817733765,
          "mean_abs": 0.8102744817733765,
          "rmse": 0.8102745413780212,
          "p95_abs": 0.8102878928184509,
          "max_abs": 0.8103047609329224
        },
        "reward_like": {
          "mean": 0.3749268651008606,
          "mean_abs": 0.3749268651008606,
          "rmse": 0.3749268651008606,
          "p95_abs": 0.3749362826347351,
          "max_abs": 0.37493741512298584
        }
      },
      "base_tracking": {
        "lin_vel_error_xy": {
          "mean_abs": [
            0.0002608833310659975,
            0.00030009084730409086
          ],
          "rmse": [
            0.00026163883740082383,
            0.0003002013545483351
          ],
          "p95_abs": [
            0.00029070297023281455,
            0.000311500858515501
          ],
          "max_abs": [
            0.0002928516478277743,
            0.00031455003772862256
          ]
        },
        "lin_vel_error_norm": {
          "mean": 0.00039801382808946073,
          "mean_abs": 0.00039801382808946073,
          "rmse": 0.00039821569225750864,
          "p95_abs": 0.0004162994446232915,
          "max_abs": 0.0004181011172477156
        },
        "yaw_vel_error": {
          "mean_abs": [
            0.0004850946716032922
          ],
          "rmse": [
            0.0004854575090575963
          ],
          "p95_abs": [
            0.0005177399143576622
          ],
          "max_abs": [
            0.0005299582844600081
          ]
        }
      },
      "trials": [
        {
          "trial": 0,
          "command": {
            "dog_cmd": [
              0.0,
              0.0,
              0.0
            ],
            "arm_lpy": [
              0.44999998807907104,
              0.0,
              0.0
            ],
            "arm_rpy": [
              -0.06500332802534103,
              0.7651033401489258,
              -0.6270295977592468
            ]
          },
          "success": true,
          "reset": false,
          "timeout": false,
          "alive_steps": 300,
          "metric_steps_collected": 100
        }
      ]
    },
    "base_only": {
      "scenario": "base_only",
      "num_trials": 1,
      "settle_steps": 200,
      "metric_steps": 100,
      "trial_survival_rate": 1.0,
      "step_survival_rate": 1.0,
      "metric_coverage_rate": 1.0,
      "reset_count": 0,
      "arm_tracking": {
        "lpy_error": {
          "mean_abs": [
            0.005974639672785997,
            0.6576858758926392,
            0.02245386689901352
          ],
          "rmse": [
            0.0061234598979353905,
            0.6577731966972351,
            0.02491079829633236
          ],
          "p95_abs": [
            0.007818433456122875,
            0.6739311218261719,
            0.04031780734658241
          ],
          "max_abs": [
            0.008192718029022217,
            0.6754295825958252,
            0.04330794885754585
          ]
        },
        "rpy_error": {
          "mean_abs": [
            0.08808033168315887,
            0.05028099566698074,
            0.08520583063364029
          ],
          "rmse": [
            0.08831427991390228,
            0.05143463611602783,
            0.08550810068845749
          ],
          "p95_abs": [
            0.09933621436357498,
            0.06738077104091644,
            0.09449567645788193
          ],
          "max_abs": [
            0.10097837448120117,
            0.07384902238845825,
            0.09652090072631836
          ]
        },
        "lpy_norm_sum": {
          "mean": 0.25967150926589966,
          "mean_abs": 0.25967150926589966,
          "rmse": 0.2597101628780365,
          "p95_abs": 0.2666132152080536,
          "max_abs": 0.26844650506973267
        },
        "rpy_norm_sum": {
          "mean": 0.08770568668842316,
          "mean_abs": 0.08770568668842316,
          "rmse": 0.08781185001134872,
          "p95_abs": 0.09494569897651672,
          "max_abs": 0.09738075733184814
        },
        "reward_like": {
          "mean": 0.35397621989250183,
          "mean_abs": 0.35397621989250183,
          "rmse": 0.35403332114219666,
          "p95_abs": 0.3653470575809479,
          "max_abs": 0.3688114881515503
        }
      },
      "base_tracking": {
        "lin_vel_error_xy": {
          "mean_abs": [
            0.0710262656211853,
            0.08047805726528168
          ],
          "rmse": [
            0.08051806688308716,
            0.09088432043790817
          ],
          "p95_abs": [
            0.15153591334819794,
            0.1322740912437439
          ],
          "max_abs": [
            0.16729658842086792,
            0.1531723141670227
          ]
        },
        "lin_vel_error_norm": {
          "mean": 0.11295928806066513,
          "mean_abs": 0.11295928806066513,
          "rmse": 0.12142124772071838,
          "p95_abs": 0.18641124665737152,
          "max_abs": 0.20745804905891418
        },
        "yaw_vel_error": {
          "mean_abs": [
            0.8323507905006409
          ],
          "rmse": [
            0.9506876468658447
          ],
          "p95_abs": [
            1.5442103147506714
          ],
          "max_abs": [
            1.5534093379974365
          ]
        }
      },
      "trials": [
        {
          "trial": 0,
          "command": {
            "dog_cmd": [
              0.6100556254386902,
              0.058439165353775024,
              -0.9719166159629822
            ],
            "arm_lpy": [
              0.44999998807907104,
              0.0,
              0.0
            ],
            "arm_rpy": [
              0.0,
              0.0,
              0.0
            ]
          },
          "success": true,
          "reset": false,
          "timeout": false,
          "alive_steps": 300,
          "metric_steps_collected": 100
        }
      ]
    },
    "whole_body": {
      "scenario": "whole_body",
      "num_trials": 1,
      "settle_steps": 200,