{
  "logdir": "/home/sivan/whole_body/RoboDuet/runs/go2piper_roboduet/2026-04-02/auto_train/002408.004267_seed44",
  "checkpoint": "12000",
  "seed": 0,
  "num_trials": 5,
  "dt": 0.019999999552965164,
  "settle_seconds": 4.0,
  "settle_steps": 200,
  "metric_seconds": 2.0,
  "metric_steps": 100,
  "scenarios": {
    "arm_only": {
      "scenario": "arm_only",
      "num_trials": 5,
      "settle_steps": 200,
      "metric_steps": 100,
      "trial_survival_rate": 1.0,
      "step_survival_rate": 1.0,
      "metric_coverage_rate": 1.0,
      "reset_count": 0,
      "arm_tracking": {
        "lpy_error": {
          "mean_abs": [
            0.010185507126152515,
            0.5119167566299438,
            0.8702550530433655
          ],
          "rmse": [
            0.011886685155332088,
            0.7068380117416382,
            1.7907925844192505
          ],
          "p95_abs": [
            0.017491649836301804,
            1.4281134605407715,
            4.003248691558838
          ],
          "max_abs": [
            0.02093827724456787,
            1.4281224012374878,
            4.006255626678467
          ]
        },
        "rpy_error": {
          "mean_abs": [
            1.1983556747436523,
            0.4320566952228546,
            1.0494112968444824
          ],
          "rmse": [
            1.3444217443466187,
            0.512003481388092,
            1.0711123943328857
          ],
          "p95_abs": [
            2.120973587036133,
            0.8430395722389221,
            1.3797578811645508
          ],
          "max_abs": [
            2.120981454849243,
            0.8430594801902771,
            1.3797640800476074
          ]
        },
        "lpy_norm_sum": {
          "mean": 0.4920159876346588,
          "mean_abs": 0.4920159876346588,
          "rmse": 0.675268292427063,
          "p95_abs": 1.3695484399795532,
          "max_abs": 1.3766449689865112
        },
        "rpy_norm_sum": {
          "mean": 1.030969262123108,
          "mean_abs": 1.030969262123108,
          "rmse": 1.0512703657150269,
          "p95_abs": 1.2863903045654297,
          "max_abs": 1.3057152032852173
        },
        "reward_like": {
          "mean": 0.32513028383255005,
          "mean_abs": 0.32513028383255005,
          "rmse": 0.4094725549221039,
          "p95_abs": 0.7100763916969299,
          "max_abs": 0.7104767560958862
        }
      },
      "base_tracking": {
        "lin_vel_error_xy": {
          "mean_abs": [
            0.0024162146728485823,
            0.0040850164368748665
          ],
          "rmse": [
            0.005579082760959864,
            0.010253913700580597
          ],
          "p95_abs": [
            0.014740338549017906,
            0.026969829574227333
          ],
          "max_abs": [
            0.027569303289055824,
            0.05420464277267456
          ]
        },
        "lin_vel_error_norm": {
          "mean": 0.0050760782323777676,
          "mean_abs": 0.0050760782323777676,
          "rmse": 0.011673427186906338,
          "p95_abs": 0.030439138412475586,
          "max_abs": 0.05435911566019058
        },
        "yaw_vel_error": {
          "mean_abs": [
            0.027583647519350052
          ],
          "rmse": [
            0.070429228246212
          ],
          "p95_abs": [
            0.17624986171722412
          ],
          "max_abs": [
            0.4023860692977905
          ]
        }
      },
      "trials": [
        {
          "trial": 0,
          "command": {
            "dog_cmd": [
              0.0,
              0.0,
              0.0
            ],
            "arm_lpy": [
              0.44999998807907104,
              0.0,
              0.0
            ],
            "arm_rpy": [
              -0.06500332802534103,
              0.7651033401489258,
              -0.6270295977592468
            ]
          },
          "success": true,
          "reset": false,
          "timeout": false,
          "alive_steps": 300,
          "metric_steps_collected": 100
        },
        {
          "trial": 1,
          "command": {
            "dog_cmd": [
              0.0,
              0.0,
              0.0
            ],
            "arm_lpy": [
              0.5415083765983582,
              0.13769403100013733,
              -1.52668297290802
            ],
            "arm_rpy": [
              0.6212003827095032,
              -0.21190351247787476,
              0.8504421710968018
            ]
          },
          "success": true,
          "reset": false,
          "timeout": false,
          "alive_steps": 300,
          "metric_steps_collected": 100
        },
        {
          "trial": 2,
          "command": {
            "dog_cmd": [
              0.0,
              0.0,
              0.0
            ],
            "arm_lpy": [
              0.5602808594703674,
              -0.7240749597549438,
              -0.5491366982460022
            ],
            "arm_rpy": [
              1.0474827289581299,
              -0.6470276117324829,
              0.17674267292022705
            ]
          },
          "success": true,
          "reset": false,
          "timeout": false,
          "alive_steps": 300,
          "metric_steps_collected": 100
        },
        {
          "trial": 3,
          "command": {
            "dog_cmd": [
              0.0,
              0.0,
              0.0
            ],
            "arm_lpy": [
              0.37158477306365967,
              1.3219388723373413,
              0.9524663686752319
            ],
            "arm_rpy": [
              -0.14711257815361023,
              -0.8787122368812561,
              -0.4710959792137146
            ]
          },
          "success": true,
          "reset": false,
          "timeout": false,
          "alive_steps": 300,
          "metric_steps_collected": 100
        },
        {
          "trial": 4,
          "command": {
            "dog_cmd": [
              0.0,
              0.0,
              0.0
            ],
            "arm_lpy": [
              0.4523822069168091,
              1.223808765411377,
              -1.228181004524231
            ],
            "arm_rpy": [
              0.14495472609996796,
              0.4326211214065552,
              0.12419998645782471
            ]
          },
          "success": true,
          "reset": false,
          "timeout": false,
          "alive_steps": 300,
          "metric_steps_collected": 100
        }
      ]
    },
    "base_only": {
      "scenario": "base_only",
      "num_trials": 5,
      "settle_steps": 200,
      "metric_steps": 100,
      "trial_survival_rate": 1.0,
      "step_survival_rate": 1.0,
      "metric_coverage_rate": 1.0,
      "reset_count": 0,
      "arm_tracking": {
        "lpy_error": {
          "mean_abs": [
            0.006759053096175194,
            0.6519917249679565,
            0.022169535979628563
          ],
          "rmse": [
            0.007151024881750345,
            0.6521008610725403,
            0.026708750054240227
          ],
          "p95_abs": [
            0.01126981619745493,
            0.6778918504714966,
            0.044725436717271805
          ],
          "max_abs": [
            0.013761430978775024,
            0.6904872059822083,
            0.05017472058534622
          ]
        },
        "rpy_error": {
          "mean_abs": [
            0.4592527747154236,
            0.10454358905553818,
            0.08923182636499405
          ],
          "rmse": [
            0.8914002180099487,
            0.1071595773100853,
            0.08963911235332489
          ],
          "p95_abs": [
            2.4702088832855225,
            0.13295385241508484,
            0.10168163478374481
          ],
          "max_abs": [
            3.1274571418762207,
            0.14064407348632812,
            0.10660266876220703
          ]
        },
        "lpy_norm_sum": {
          "mean": 0.26018181443214417,